time,latitude,longitude,depth,mag,magType,nst,gap,dmin,rms,net,id,updated,place,type
2015-03-10T20:08:48.420Z,36.6126671,-121.0770035,7.71,1.49,md,16,66,0.04552,0.14,nc,nc72408890,2015-03-10T20:25:05.416Z,"30km NE of Soledad, California",earthquake
2015-03-10T19:44:41.310Z,38.8376656,-122.7753296,2.63,0.39,md,9,70,0.004999,0.01,nc,nc72408885,2015-03-10T19:59:04.843Z,"4km WNW of Cobb, California",earthquake
2015-03-10T19:37:49.760Z,47.6406667,-122.5188333,20.68,1.76,md,36,58,0.2043,0.2,uw,uw60970982,2015-03-10T20:00:48.800Z,"1km N of Bainbridge Island, Washington",earthquake
2015-03-10T19:10:33.450Z,33.691,-116.761,21.29,0.71,ml,23,127,0.04392,0.23,ci,ci37115927,2015-03-10T19:14:27.537Z,"7km SW of Idyllwild, California",earthquake
2015-03-10T18:05:32.100Z,33.9776667,-118.0795,9.42,1.4,ml,21,68,0.05795,0.29,ci,ci37115831,2015-03-10T18:09:43.867Z,"2km ESE of Pico Rivera, California",earthquake
2015-03-10T18:04:00.800Z,19.3213,-155.3493,29.2,1.8,Md,,86.4,0.03593261,0.21,hv,hv60869331,2015-03-10T18:07:19.927Z,"16km SW of Volcano, Hawaii",earthquake
2015-03-10T17:48:19.850Z,-34.2904,-73.6794,14.27,4.5,mb,,97,2.353,1.75,us,us10001lbz,2015-03-10T19:12:43.687Z,"163km NW of Constitucion, Chile",earthquake
2015-03-10T17:46:59.960Z,36.059,-117.597,2.8,0.74,ml,12,108,0.08751,0.25,ci,ci37115799,2015-03-10T17:50:44.551Z,"31km ENE of Little Lake, California",earthquake
2015-03-10T17:38:57.750Z,13.0386,-88.6077,89.88,4.3,mb,,163,0.885,1.14,us,us10001lbu,2015-03-10T18:58:09.209Z,"27km SSW of Puerto El Triunfo, El Salvador",earthquake
2015-03-10T17:07:23.700Z,37.7491684,-122.1471634,5.63,3.04,mw,79,29,0.0396,0.1,nc,nc72408845,2015-03-10T20:11:17.031Z,"2km NNE of San Leandro, California",earthquake
2015-03-10T16:59:18.270Z,46.3415,-122.2503333,12.8,0.82,md,19,172,0.02482,0.19,uw,uw60970812,2015-03-10T18:38:36.390Z,"24km S of Morton, Washington",earthquake
2015-03-10T16:47:33.960Z,38.8134995,-122.805336,2.61,0.94,md,17,67,0.009589,0.04,nc,nc72408840,2015-03-10T17:20:05.297Z,"5km NW of The Geysers, California",earthquake
2015-03-10T16:36:01.820Z,38.2015,-122.3161667,9.87,2.56,md,98,76,0.03638,0.11,nc,nc72408835,2015-03-10T20:21:26.943Z,"5km WNW of American Canyon, California",earthquake
2015-03-10T16:01:02.930Z,38.8253326,-122.8063354,1.09,0.93,md,20,68,0.003503,0.02,nc,nc72408825,2015-03-10T16:48:10.876Z,"6km NW of The Geysers, California",earthquake
2015-03-10T15:57:45.000Z,61.8373,-152.0188,122.4,2.9,ml,,,,0.6,ak,ak11526164,2015-03-10T18:00:42.822Z,"104km W of Willow, Alaska",earthquake
2015-03-10T15:55:38.050Z,46.7658333,-121.9525,4.7,0.41,md,7,292,0.09266,0.1,uw,uw60970767,2015-03-10T18:42:15.540Z,"26km ESE of Eatonville, Washington",earthquake
2015-03-10T15:27:57.720Z,-52.215,17.0065,15.81,5.3,mb,,41,20.016,0.51,us,us10001l7y,2015-03-10T18:54:29.515Z,"Southwest of Africa",earthquake
2015-03-10T15:25:45.040Z,38.8113327,-122.8101654,4.49,0.89,md,11,89,0.01204,0.02,nc,nc72408805,2015-03-10T16:07:03.257Z,"6km NW of The Geysers, California",earthquake
2015-03-10T15:22:11.000Z,63.7084,-149.8359,197.4,1,ml,,,,0.71,ak,ak11526158,2015-03-10T16:35:05.998Z,"45km WSW of Healy, Alaska",earthquake
2015-03-10T15:21:09.210Z,38.7838326,-122.7803345,3.02,0.53,md,8,147,0.01106,0.02,nc,nc72408800,2015-03-10T16:07:01.784Z,"2km WNW of The Geysers, California",earthquake
2015-03-10T15:14:25.850Z,37.659832,-122.5376663,10.24,1.87,md,29,116,0.05476,0.04,nc,nc72408795,2015-03-10T19:28:04.870Z,"5km WSW of Broadmoor, California",earthquake
2015-03-10T15:13:07.860Z,36.0515,-117.5885,1.1,1.24,ml,20,72,0.08088,0.4,ci,ci37115639,2015-03-10T15:16:54.679Z,"31km ENE of Little Lake, California",earthquake
2015-03-10T15:11:20.910Z,-14.9626,-178.7995,379.41,4.5,mb,,56,4.096,0.54,us,us10001l7s,2015-03-10T17:26:03.751Z,"100km SW of Sigave, Wallis and Futuna",earthquake
2015-03-10T15:11:14.202Z,37.6129,-117.4048,8.9955,1.22,ml,8,264.67,0.426,0.1048,nn,nn00486528,2015-03-10T16:27:07.553Z,"18km SW of Goldfield, Nevada",earthquake
2015-03-10T15:10:28.000Z,61.002,-150.6159,40.6,1.4,ml,,,,0.5,ak,ak11526155,2015-03-10T16:35:05.383Z,"45km WSW of Anchorage, Alaska",earthquake
2015-03-10T15:09:52.350Z,38.8351669,-122.786499,2.18,1.77,md,29,65,0.004416,0.03,nc,nc72408785,2015-03-10T17:26:04.717Z,"5km WNW of Cobb, California",earthquake
2015-03-10T15:05:26.000Z,62.1047,-153.3161,8.7,1.5,ml,,,,0.74,ak,ak11526154,2015-03-10T16:35:07.482Z,"150km SE of McGrath, Alaska",earthquake
2015-03-10T15:03:59.930Z,43.8305,-121.5241667,10.24,0.31,md,9,313,0.1132,0.14,uw,uw60970742,2015-03-10T19:04:55.770Z,"4km WNW of Three Rivers, Oregon",earthquake
2015-03-10T14:49:02.800Z,35.4905,-118.4391667,1.1,1.21,ml,11,107,0.1742,0.33,ci,ci37115599,2015-03-10T15:13:20.321Z,"12km SSE of Bodfish, California",earthquake
2015-03-10T14:41:05.210Z,36.0685005,-120.2388306,5.78,1.73,md,12,169,0.1049,0.1,nc,nc72408770,2015-03-10T16:18:06.187Z,"12km NW of Avenal, California",earthquake
2015-03-10T14:34:25.000Z,62.1117,-147.871,23.9,1.6,ml,,,,0.72,ak,ak11526149,2015-03-10T16:35:06.605Z,"62km NE of Sutton-Alpine, Alaska",earthquake
2015-03-10T14:12:26.070Z,35.9425,-117.9128333,8.52,1.27,ml,20,84,0.0676,0.24,ci,ci37115559,2015-03-10T15:13:24.145Z,"1km NW of Little Lake, California",earthquake
2015-03-10T14:05:41.540Z,44.5421667,-111.0913333,14.47,0.23,md,12,137,0.064,0.09,uu,uu60104052,2015-03-10T19:44:53.080Z,"13km S of West Yellowstone, Montana",earthquake
2015-03-10T13:38:54.690Z,36.1068333,-117.5193333,17.4,0.74,ml,9,240,0.05458,0.42,ci,ci37115543,2015-03-10T13:42:45.920Z,"39km NNW of Searles Valley, California",earthquake
2015-03-10T13:34:04.830Z,38.7700005,-122.7421646,1.87,0.8,md,10,99,0.01388,0.02,nc,nc72408755,2015-03-10T15:19:02.612Z,"1km ESE of The Geysers, California",earthquake
2015-03-10T13:29:20.090Z,34.0288333,-116.8635,20.57,0.97,ml,32,63,0.0467,0.28,ci,ci37115535,2015-03-10T13:39:49.880Z,"12km N of Banning, California",earthquake
2015-03-10T13:15:15.010Z,33.6838333,-116.7463333,1.36,0.49,ml,16,61,0.03824,0.21,ci,ci37115519,2015-03-10T13:18:53.512Z,"7km SSW of Idyllwild, California",earthquake
2015-03-10T13:15:10.770Z,33.7068333,-116.737,18.2,0.74,ml,31,35,0.01952,0.2,ci,ci37115527,2015-03-10T15:13:57.413Z,"4km SSW of Idyllwild, California",earthquake
2015-03-10T13:09:43.370Z,33.5976667,-116.8185,8.58,1.35,ml,48,30,0.04047,0.23,ci,ci37115511,2015-03-10T15:14:30.912Z,"14km WNW of Anza, California",earthquake
2015-03-10T12:56:13.990Z,36.0663333,-117.5975,1.1,0.84,ml,11,79,0.0883,0.35,ci,ci37115503,2015-03-10T15:14:48.352Z,"31km ENE of Little Lake, California",earthquake
2015-03-10T12:54:21.700Z,48.3113333,-121.8776667,3.03,0.27,md,6,137,0.1208,0.09,uw,uw60970697,2015-03-10T19:53:35.240Z,"18km NE of Arlington Heights, Washington",earthquake
2015-03-10T12:49:17.750Z,33.4746667,-116.572,8.27,0.28,ml,26,96,0.03219,0.26,ci,ci37115495,2015-03-10T15:15:06.992Z,"13km SE of Anza, California",earthquake
2015-03-10T12:42:31.000Z,60.9146,-151.6436,95,1.7,ml,,,,0.24,ak,ak11526142,2015-03-10T15:01:38.725Z,"31km NW of Nikiski, Alaska",earthquake
2015-03-10T12:23:11.418Z,40.1087,-120.9489,7.7075,1.36,ml,12,228.27,0.244,0.1609,nn,nn00486516,2015-03-10T16:20:33.800Z,"3km S of Greenville, California",earthquake
2015-03-10T12:20:38.700Z,33.5226667,-116.9138333,24.41,0.5,ml,16,158,0.1289,0.39,ci,ci37115487,2015-03-10T12:24:50.436Z,"10km NNW of Aguanga, California",earthquake
2015-03-10T12:06:40.840Z,41.8596,-119.6501,2.8307,1.13,ml,5,222.99,0.144,0.1725,nn,nn00486522,2015-03-10T14:48:21.500Z,"68km ESE of Lakeview, Oregon",earthquake
2015-03-10T11:55:56.700Z,19.419,-155.2737,1.7,1.8,Md,,50.4,0.00898315,0.15,hv,hv60869156,2015-03-10T12:01:43.211Z,"3km WSW of Volcano, Hawaii",earthquake
2015-03-10T11:40:26.730Z,35.9593333,-117.664,2.54,1.19,ml,21,60,0.01588,0.22,ci,ci37115479,2015-03-10T15:15:26.083Z,"22km E of Little Lake, California",earthquake
2015-03-10T11:39:00.700Z,19.4093,-155.3265,3.9,1.9,Ml,,280.8,0.02694946,0.33,hv,hv60869111,2015-03-10T11:44:48.093Z,"9km WSW of Volcano, Hawaii",earthquake
2015-03-10T11:32:43.280Z,33.4718333,-116.5756667,8.98,1.45,ml,50,41,0.03181,0.24,ci,ci37115455,2015-03-10T15:16:13.680Z,"13km SE of Anza, California",earthquake
2015-03-10T11:26:22.600Z,19.4468,-155.2658,2.6,2,Ml,,180,0.01796631,0.3,hv,hv60869101,2015-03-10T11:32:07.942Z,"3km WNW of Volcano, Hawaii",earthquake
2015-03-10T11:17:55.280Z,38.786335,-122.7523346,0.62,1.59,md,21,41,0.01259,0.03,nc,nc72408715,2015-03-10T14:08:02.553Z,"1km NNE of The Geysers, California",earthquake
2015-03-10T11:17:28.680Z,13.0766,145.6206,10,4.9,mb,,62,0.892,0.77,us,us10001l73,2015-03-10T19:19:58.183Z,"93km ESE of Yigo Mayor's Office, Guam",earthquake
2015-03-10T11:13:08.700Z,38.8115005,-122.8213348,2.63,0.31,md,11,78,0.006668,0.02,nc,nc72408705,2015-03-10T11:44:03.270Z,"6km NW of The Geysers, California",earthquake
2015-03-10T11:10:11.360Z,36.0601667,-117.583,1.1,1.06,ml,19,66,0.07619,0.39,ci,ci37115447,2015-03-10T11:21:02.530Z,"32km ENE of Little Lake, California",earthquake
2015-03-10T11:08:53.940Z,35.2795,-118.6213333,9.92,1.07,ml,21,64,0.07336,0.31,ci,ci37115439,2015-03-10T11:12:38.907Z,"20km ENE of Arvin, California",earthquake
2015-03-10T11:07:07.750Z,41.8665,-119.6411,6.3748,1.33,ml,5,222.04,0.144,0.1471,nn,nn00486521,2015-03-10T14:43:03.153Z,"68km ESE of Lakeview, Oregon",earthquake
2015-03-10T10:57:32.500Z,38.8066673,-122.8078308,2.33,0.55,md,6,187,0.009874,0.01,nc,nc72408685,2015-03-10T13:34:14.052Z,"5km NW of The Geysers, California",earthquake
2015-03-10T10:56:45.630Z,35.9438333,-117.8973333,12.41,0.77,ml,11,95,0.06402,0.11,ci,ci37115431,2015-03-10T11:00:27.310Z,"1km NE of Little Lake, California",earthquake
2015-03-10T10:55:56.330Z,35.9448333,-117.9045,12.02,0.7,ml,16,67,0.06381,0.16,ci,ci37115423,2015-03-10T10:59:40.184Z,"1km NNE of Little Lake, California",earthquake
2015-03-10T10:48:33.999Z,41.8473,-119.6482,8.4065,1.85,ml,5,130.56,0.154,0.1332,nn,nn00486512,2015-03-10T14:42:55.043Z,"69km ESE of Lakeview, Oregon",earthquake
2015-03-10T10:43:46.570Z,33.9351667,-116.0306667,0.14,1.02,ml,20,80,0.07062,0.26,ci,ci37115415,2015-03-10T15:16:01.088Z,"23km S of Twentynine Palms, California",earthquake
2015-03-10T10:33:39.410Z,34.1271667,-116.9475,3.53,1.02,ml,31,61,0.03489,0.17,ci,ci37115407,2015-03-10T15:17:21.310Z,"13km SSW of Big Bear Lake, California",earthquake
2015-03-10T10:28:33.840Z,13.0465,145.567,10,4.9,mb,,63,0.868,0.56,us,us10001l6x,2015-03-10T18:31:07.889Z,"90km SE of Yigo Mayor's Office, Guam",earthquake
2015-03-10T10:21:04.700Z,38.7738342,-122.7243347,9.12,0.37,md,7,95,0.005575,0.12,nc,nc72408665,2015-03-10T12:35:06.088Z,"2km E of The Geysers, California",earthquake
2015-03-10T10:06:36.900Z,19.3701,-66.1173,28,3.2,Md,12,284.4,0.97018051,0.28,pr,pr15069006,2015-03-10T18:10:27.517Z,"100km N of San Juan, Puerto Rico",earthquake
2015-03-10T10:06:28.000Z,33.714,-116.747,18.84,0.97,ml,47,28,0.02751,0.22,ci,ci37115399,2015-03-10T15:17:27.520Z,"4km SW of Idyllwild, California",earthquake
2015-03-10T09:59:17.200Z,35.9416667,-117.9028333,11.7,0.79,ml,11,84,0.0667,0.12,ci,ci37115391,2015-03-10T15:16:24.272Z,"1km NNE of Little Lake, California",earthquake
2015-03-10T09:37:18.000Z,61.2687,-146.8055,27.9,1.2,ml,,,,0.13,ak,ak11526134,2015-03-10T10:40:28.986Z,"28km WNW of Valdez, Alaska",earthquake
2015-03-10T09:36:24.520Z,36.057,-117.5961667,1.1,1.52,ml,26,68,0.08683,0.31,ci,ci37115383,2015-03-10T09:47:35.240Z,"31km ENE of Little Lake, California",earthquake
2015-03-10T09:35:26.860Z,36.0648333,-117.5823333,1.1,0.64,ml,12,123,0.07592,0.35,ci,ci37115375,2015-03-10T15:17:12.233Z,"32km ENE of Little Lake, California",earthquake
2015-03-10T09:02:42.811Z,41.85,-119.6473,8.2115,1.37,ml,5,224.62,0.152,0.1192,nn,nn00486520,2015-03-10T14:33:45.066Z,"69km ESE of Lakeview, Oregon",earthquake
2015-03-10T08:58:27.190Z,33.1726667,-116.5551667,24.43,0.96,ml,19,129,0.3315,0.34,ci,ci37115367,2015-03-10T09:02:35.274Z,"11km NNE of Julian, California",earthquake
2015-03-10T08:54:52.400Z,36.0616667,-117.5976667,1.1,1.31,ml,24,65,0.08812,0.24,ci,ci37115351,2015-03-10T16:08:59.000Z,"31km ENE of Little Lake, California",earthquake
2015-03-10T08:46:07.056Z,41.8479,-119.6457,7.8491,2.25,ml,5,225,0.154,0.1186,nn,nn00486519,2015-03-10T14:29:39.988Z,"69km ESE of Lakeview, Oregon",earthquake
2015-03-10T08:42:36.051Z,41.8644,-119.6196,6.9284,0.83,ml,5,222.85,0.158,0.074,nn,nn00486518,2015-03-10T14:29:30.522Z,"70km ESE of Lakeview, Oregon",earthquake
2015-03-10T08:40:30.340Z,38.8126678,-122.8231659,2.27,1.38,md,17,70,0.006038,0.05,nc,nc72408645,2015-03-10T12:10:07.207Z,"7km NW of The Geysers, California",earthquake
2015-03-10T08:40:11.030Z,38.8156662,-122.8093338,3.85,0.51,md,10,81,0.01339,0.02,nc,nc72408640,2015-03-10T09:09:06.182Z,"6km NW of The Geysers, California",earthquake
2015-03-10T08:32:12.330Z,36.0518333,-117.5996667,1.1,0.46,ml,8,107,0.08988,0.24,ci,ci37115343,2015-03-10T15:17:33.230Z,"30km ENE of Little Lake, California",earthquake
2015-03-10T08:22:09.000Z,60.1688,-141.562,19,1.5,ml,6,197.999984160001,0.167985,0.44,ak,ak11526128,2015-03-10T10:40:30.362Z,"49km ENE of Cape Yakataga, Alaska",earthquake
2015-03-10T08:21:55.000Z,57.1487,-155.2423,37.5,2.5,ml,11,176.399985888001,0.7707545,1.05,ak,ak11526126,2015-03-10T16:24:33.082Z,"87km WSW of Larsen Bay, Alaska",earthquake
2015-03-10T08:18:06.190Z,43.7238333,-121.2431667,0.29,0.87,md,9,127,0.007459,0.06,uw,uw60970647,2015-03-10T15:09:06.710Z,"21km ESE of Three Rivers, Oregon",earthquake
2015-03-10T08:13:10.210Z,38.7849998,-122.7328339,1.11,1.01,md,16,62,0.01468,0.02,nc,nc72408635,2015-03-10T08:59:04.782Z,"2km ENE of The Geysers, California",earthquake
2015-03-10T08:13:05.400Z,38.784832,-122.7330017,1.62,1.72,md,13,109,0.003317,0.03,nc,nc72408630,2015-03-10T11:45:06.486Z,"2km ENE of The Geysers, California",earthquake
2015-03-10T08:10:18.940Z,38.7869987,-122.7344971,1.24,1,md,15,55,0.01503,0.04,nc,nc72408625,2015-03-10T08:38:04.165Z,"2km ENE of The Geysers, California",earthquake
2015-03-10T08:09:58.170Z,38.7868347,-122.7360001,0.48,0.58,md,9,76,0.01619,0.02,nc,nc72408620,2015-03-10T08:27:06.755Z,"2km ENE of The Geysers, California",earthquake
2015-03-10T08:07:15.620Z,36.0715,-117.587,1.1,0.42,ml,9,127,0.08053,0.36,ci,ci37115335,2015-03-10T15:17:36.544Z,"32km ENE of Little Lake, California",earthquake
2015-03-10T07:58:00.270Z,38.8176651,-122.8156662,2.71,0.69,md,13,70,0.007199,0.02,nc,nc72408615,2015-03-10T08:17:05.464Z,"6km NW of The Geysers, California",earthquake
2015-03-10T07:52:53.610Z,32.2013333,-115.2773333,0.02,2.95,ml,19,193,0.1984,0.62,ci,ci37115327,2015-03-10T20:14:38.832Z,"10km WSW of Alberto Oviedo Mota, B.C., Mexico",earthquake
2015-03-10T07:48:51.400Z,17.8859,-67.1502,13,1.9,Md,4,298.8,0.13115403,0.12,pr,pr15069005,2015-03-10T12:51:13.477Z,"10km SSE of Pole Ojea, Puerto Rico",earthquake
2015-03-10T07:48:18.986Z,36.7414,-118.1082,10.9576,1.23,ml,7,151.13,0.303,0.17,nn,nn00486508,2015-03-10T15:52:15.163Z,"15km NNW of Lone Pine, California",earthquake
2015-03-10T07:47:43.706Z,37.6456,-118.9479,7.5442,0.49,ml,3,320.86,0.09,0.0034,nn,nn00486532,2015-03-10T15:47:01.739Z,"2km E of Mammoth Lakes, California",earthquake
2015-03-10T07:39:04.600Z,19.3018,-155.38,4.7,1.8,Md,,97.2,0.03593261,0.15,hv,hv60868986,2015-03-10T07:42:21.563Z,"14km NE of Pahala, Hawaii",earthquake
2015-03-10T07:22:33.870Z,33.9335,-117.0111667,17.43,0.92,ml,37,67,0.1302,0.26,ci,ci37115311,2015-03-10T15:18:46.040Z,"3km W of Beaumont, California",earthquake
2015-03-10T07:19:52.230Z,36.618,-121.0725021,8.78,1.45,md,10,72,0.04752,0.02,nc,nc72408600,2015-03-10T11:20:06.555Z,"31km NE of Soledad, California",earthquake
2015-03-10T07:16:49.900Z,34.4918333,-119.3061667,1.1,1.64,ml,32,56,0.0326,0.29,ci,ci37115303,2015-03-10T07:27:29.010Z,"8km NW of Ojai, California",earthquake
2015-03-10T07:12:02.780Z,33.4748333,-116.574,9.28,1.33,ml,47,66,0.03079,0.2,ci,ci37115295,2015-03-10T15:18:51.790Z,"13km SE of Anza, California",earthquake
2015-03-10T07:06:34.540Z,40.3288345,-124.6845016,13.2,3.79,mw,48,234,0.3028,0.09,nc,nc72408590,2015-03-10T18:22:13.649Z,"45km SW of Ferndale, California",earthquake
2015-03-10T07:04:11.870Z,37.9578323,-122.0264969,10.76,1.81,md,25,85,0.06946,0.07,nc,nc72408580,2015-03-10T10:02:05.348Z,"2km S of Concord, California",earthquake
2015-03-10T07:03:35.500Z,19.3015,-155.3793,3.6,2.2,Ml,,100.8,0.03593261,0.23,hv,hv60868966,2015-03-10T07:09:21.418Z,"15km NE of Pahala, Hawaii",earthquake
2015-03-10T07:03:03.610Z,37.6226667,-119.023,4.97,0.37,md,10,117,0.009959,0.03,nc,nc72408585,2015-03-10T18:13:05.006Z,"5km WSW of Mammoth Lakes, California",earthquake
2015-03-10T06:58:12.300Z,19.7082,-66.0934,56,3.2,Md,3,302.4,1.59001805,0.05,pr,pr15069004,2015-03-10T08:41:27.250Z,"137km N of San Juan, Puerto Rico",earthquake
2015-03-10T06:48:09.020Z,34.6085,-118.6418333,8.69,1.37,ml,37,37,0.06762,0.2,ci,ci37115287,2015-03-10T15:18:57.700Z,"13km N of Castaic, California",earthquake
2015-03-10T06:46:48.000Z,61.4537,-150.7572,52.2,2.9,ml,,,,0.68,ak,ak11526116,2015-03-10T14:49:16.326Z,"43km W of Big Lake, Alaska",earthquake
2015-03-10T06:46:20.020Z,38.8161659,-122.8115005,3.59,0.55,md,8,119,0.007304,0.01,nc,nc72408555,2015-03-10T07:01:04.967Z,"6km NW of The Geysers, California",earthquake
2015-03-10T06:45:32.580Z,36.047,-117.7135,1.1,2.18,ml,32,56,0.04725,0.26,ci,ci37115279,2015-03-10T15:19:03.640Z,"21km E of Coso Junction, California",earthquake
2015-03-10T06:44:37.980Z,36.057,-117.5958333,1.1,0.62,ml,14,80,0.08656,0.27,ci,ci37115271,2015-03-10T15:18:21.125Z,"31km ENE of Little Lake, California",earthquake
2015-03-10T06:41:56.470Z,34.1961667,-117.4725,9.73,1.03,ml,28,46,0.02566,0.19,ci,ci37115255,2015-03-10T06:45:55.988Z,"7km WSW of Devore, California",earthquake
2015-03-10T06:21:52.263Z,41.8511,-119.6485,7.7005,1.48,ml,5,224.42,0.151,0.1215,nn,nn00486547,2015-03-10T17:06:52.323Z,"68km ESE of Lakeview, Oregon",earthquake
2015-03-10T06:21:39.296Z,39.1937,-120.4496,7.5288,1.37,ml,16,172.52,0.187,0.1853,nn,nn00486503,2015-03-10T16:49:40.249Z,"25km W of Sunnyside-Tahoe City, California",earthquake
2015-03-10T06:18:11.180Z,36.6088333,-121.0954971,6.25,0.94,md,6,128,0.05215,0.08,nc,nc72408540,2015-03-10T09:03:05.973Z,"29km NE of Soledad, California",earthquake
2015-03-10T06:13:47.200Z,19.4538,-66.3547,95,3.1,Md,5,327.6,1.16601324,0.1,pr,pr15069003,2015-03-10T14:16:17.975Z,"109km N of Brenas, Puerto Rico",earthquake
2015-03-10T06:11:26.220Z,33.649,-116.6963333,17.36,0.27,ml,20,80,0.06376,0.2,ci,ci37115247,2015-03-10T06:15:34.417Z,"10km SSE of Idyllwild, California",earthquake
2015-03-10T06:02:13.670Z,35.1131667,-118.8056667,0.04,1.02,ml,18,81,0.02426,0.17,ci,ci37115239,2015-03-10T15:18:54.254Z,"11km S of Arvin, California",earthquake
2015-03-10T05:49:17.380Z,33.1923333,-116.1543333,10.29,0.86,ml,11,258,0.3763,0.13,ci,ci37115231,2015-03-10T05:53:14.713Z,"6km NNW of Ocotillo Wells, California",earthquake
2015-03-10T05:33:14.600Z,18.8656,-64.3604,30,2.5,Md,4,320.4,0.50754814,0.27,pr,pr15069002,2015-03-10T13:36:02.089Z,"56km NNE of Road Town, British Virgin Islands",earthquake
2015-03-10T05:31:50.880Z,36.1901667,-117.8831667,1.1,1.4,ml,25,56,0.07583,0.26,ci,ci37115223,2015-03-10T15:20:12.900Z,"15km SE of Olancha, California",earthquake
2015-03-10T05:25:55.400Z,19.438,-155.2747,3.2,1.7,Ml,,255.6,0.00898315,0.16,hv,hv60868851,2015-03-10T05:31:40.501Z,"3km WNW of Volcano, Hawaii",earthquake
2015-03-10T05:07:19.810Z,36.6063347,-121.0851669,4.75,0.85,md,6,96,0.04604,0.01,nc,nc72408530,2015-03-10T05:08:54.800Z,"29km NE of Soledad, California",earthquake
2015-03-10T05:05:51.520Z,46.7421667,-121.9183333,0.73,0.42,md,15,112,0.07525,0.14,uw,uw60970567,2015-03-10T14:31:11.630Z,"24km NW of Packwood, Washington",earthquake
2015-03-10T04:57:54.510Z,36.6183319,-121.0691681,11.06,2.97,md,79,30,0.04177,0.18,nc,nc72408525,2015-03-10T13:43:02.303Z,"31km NE of Soledad, California",earthquake
2015-03-10T04:52:51.440Z,46.8356667,-121.9178333,11.5,0.22,md,7,269,0.05457,0.12,uw,uw60970557,2015-03-10T14:22:48.490Z,"26km E of Eatonville, Washington",earthquake
2015-03-10T04:46:14.000Z,61.4896,-146.3398,35.4,1.5,ml,,,,0.59,ak,ak11526111,2015-03-10T06:25:43.682Z,"39km N of Valdez, Alaska",earthquake
2015-03-10T04:34:39.100Z,33.62,-116.6838333,15.01,0.04,ml,16,96,0.0469,0.13,ci,ci37115207,2015-03-10T04:38:38.374Z,"7km N of Anza, California",earthquake
2015-03-10T04:31:15.410Z,36.0498333,-117.7135,1.1,0.79,ml,12,73,0.04862,0.19,ci,ci37115199,2015-03-10T15:19:29.602Z,"21km E of Coso Junction, California",earthquake
2015-03-10T04:29:51.030Z,36.0456667,-117.7203333,1.1,1.41,ml,25,71,0.04175,0.24,ci,ci37115191,2015-03-10T15:20:21.610Z,"20km E of Coso Junction, California",earthquake
2015-03-10T04:25:50.270Z,36.0503333,-117.7108333,1.1,0.75,ml,11,74,0.05074,0.14,ci,ci37115183,2015-03-10T15:19:50.123Z,"21km E of Coso Junction, California",earthquake
2015-03-10T04:24:29.880Z,36.0438333,-117.7231667,1.1,1.71,ml,29,55,0.03885,0.21,ci,ci37115175,2015-03-10T15:20:27.210Z,"20km E of Coso Junction, California",earthquake
2015-03-10T04:24:02.820Z,37.2401667,-112.7891667,-0.79,0.76,ml,7,116,0.225,0.05,uu,uu60104047,2015-03-10T19:42:48.320Z,"30km NNE of Hildale, Utah",earthquake
2015-03-10T04:23:12.770Z,33.5256667,-116.7341667,4.82,0.21,ml,13,86,0.03972,0.1,ci,ci37115167,2015-03-10T15:19:56.322Z,"6km WSW of Anza, California",earthquake
2015-03-10T04:21:04.630Z,36.7369,-97.5204,5,3.5,mb_lg,,22,0.248,0.55,us,us10001l5w,2015-03-10T18:33:06.504Z,"19km WNW of Tonkawa, Oklahoma",earthquake
2015-03-10T04:12:18.850Z,33.5281667,-116.7383333,4.72,0.1,ml,9,88,0.03715,0.08,ci,ci37115159,2015-03-10T15:20:00.128Z,"7km WSW of Anza, California",earthquake
2015-03-10T03:47:32.760Z,33.2718333,-116.7661667,13.62,0.69,ml,20,84,0.03629,0.12,ci,ci37115151,2015-03-10T15:20:03.818Z,"3km N of Lake Henshaw, California",earthquake
2015-03-10T03:29:20.800Z,19.6053,-66.0668,43,2.9,Md,11,291.6,1.20374248,0.34,pr,pr15069001,2015-03-10T11:32:03.565Z,"126km N of San Juan, Puerto Rico",earthquake
2015-03-10T03:17:06.230Z,46.1923333,-122.2075,2.11,0.04,md,5,185,,0.33,uw,uw60970527,2015-03-10T04:25:03.980Z,"36km NNE of Amboy, Washington",earthquake
2015-03-10T03:09:05.110Z,38.8328323,-122.8036652,2.53,0.43,md,9,100,0.01067,0.02,nc,nc72408495,2015-03-10T03:50:05.582Z,"7km W of Cobb, California",earthquake
2015-03-10T03:00:57.763Z,35.9793,-116.0761,9.1718,1,ml,16,101.81,0.5,0.1769,nn,nn00486475,2015-03-10T04:14:30.256Z,"26km SSW of Pahrump, Nevada",earthquake
2015-03-10T03:00:19.230Z,46.2023333,-122.1841667,4.9,0.76,md,8,134,0.004947,0.08,uw,uw60970517,2015-03-10T04:19:52.820Z,"38km NNE of Amboy, Washington",earthquake
2015-03-10T02:57:07.000Z,33.6166667,-115.9938333,6.98,0.8,ml,21,119,0.03852,0.15,ci,ci37115127,2015-03-10T15:20:21.242Z,"9km ENE of Mecca, California",earthquake
2015-03-10T02:56:03.780Z,38.8041649,-122.7803345,0.18,0.5,md,11,88,0.009085,0.02,nc,nc72408490,2015-03-10T03:29:07.162Z,"3km NW of The Geysers, California",earthquake
2015-03-10T02:44:50.938Z,41.8751,-119.6593,11.5241,1.11,ml,4,220.23,0.128,0.0484,nn,nn00486469,2015-03-10T03:04:04.982Z,"66km ESE of Lakeview, Oregon",earthquake
2015-03-10T02:43:35.420Z,38.8105011,-122.7926636,3.23,0.5,md,15,45,0.003263,0.03,nc,nc72408480,2015-03-10T03:07:05.955Z,"4km NW of The Geysers, California",earthquake
2015-03-10T02:21:32.360Z,33.3545,-116.9425,3.82,0.59,ml,21,98,0.06684,0.31,ci,ci37115071,2015-03-10T15:20:37.779Z,"7km W of Palomar Observatory, California",earthquake
2015-03-10T02:19:57.910Z,33.4805,-117.0033333,13.2,0.51,ml,16,66,0.09427,0.21,ci,ci37115063,2015-03-10T15:20:40.692Z,"14km WNW of Aguanga, California",earthquake
2015-03-10T02:19:16.800Z,38.8138351,-122.8181686,7.64,0.55,md,8,197,0.01145,0.03,nc,nc72408465,2015-03-10T02:46:05.236Z,"6km NW of The Geysers, California",earthquake
2015-03-10T02:16:42.280Z,37.413,-119.4595,5.04,1.3,md,6,309,0.2259,0.06,nc,nc72408460,2015-03-10T18:04:06.038Z,"19km ENE of Oakhurst, California",earthquake
2015-03-10T02:15:24.370Z,36.2688332,-120.2838364,28.02,1.83,md,5,126,0.1734,0.01,nc,nc72408450,2015-03-10T06:33:06.298Z,"15km NNE of Coalinga, California",earthquake
2015-03-10T02:15:19.730Z,35.9448333,-117.9125,9.64,1.12,ml,22,42,0.06528,0.27,ci,ci37115055,2015-03-10T15:21:43.540Z,"1km NNW of Little Lake, California",earthquake
2015-03-10T02:07:00.000Z,63.9489,-148.5599,12.5,1.2,ml,,,,0.14,ak,ak11526011,2015-03-10T03:43:11.257Z,"22km ENE of Healy, Alaska",earthquake
2015-03-10T02:04:43.550Z,38.8148346,-122.8081665,3.86,0.55,md,8,80,0.008677,0.02,nc,nc72408440,2015-03-10T02:25:06.154Z,"6km NW of The Geysers, California",earthquake
2015-03-10T01:50:37.850Z,38.8138351,-122.8101654,3.65,0.41,md,10,93,0.01301,0.02,nc,nc72408430,2015-03-10T02:15:06.641Z,"6km NW of The Geysers, California",earthquake
2015-03-10T01:43:41.000Z,63.8897,-148.2304,12.4,1.4,ml,,,,0.3,ak,ak11526008,2015-03-10T03:43:12.352Z,"36km E of Healy, Alaska",earthquake
2015-03-10T01:26:36.000Z,62.1315,-147.9687,17.6,2.9,ml,,,,0.75,ak,ak11526000,2015-03-10T09:29:09.149Z,"59km NE of Sutton-Alpine, Alaska",earthquake
2015-03-10T01:18:11.400Z,38.7913322,-122.7360001,2.18,0.89,md,9,89,0.01529,0.01,nc,nc72408415,2015-03-10T02:04:04.206Z,"2km NE of The Geysers, California",earthquake
2015-03-10T01:16:01.560Z,37.0361667,-120.2261667,1.03,1.68,md,5,264,0.2769,0.02,nc,nc72408420,2015-03-10T17:55:05.567Z,"5km SSW of Fairmead, California",earthquake
2015-03-10T01:13:43.193Z,40.183,-121.0294,2.2523,1.13,ml,5,298.38,0.334,0.1332,nn,nn00486454,2015-03-10T01:43:21.066Z,"8km NW of Greenville, California",earthquake
2015-03-10T01:11:54.000Z,63.9651,-148.6999,9.9,1.3,ml,,,,0.3,ak,ak11525996,2015-03-10T03:43:31.045Z,"17km NE of Healy, Alaska",earthquake
2015-03-10T01:07:38.390Z,38.8138351,-122.8098297,3.61,0.18,md,7,157,0.01277,0.02,nc,nc72408410,2015-03-10T01:09:15.150Z,"6km NW of The Geysers, California",earthquake
2015-03-10T01:05:20.000Z,63.9573,-148.6723,11.5,0.9,ml,,,,0.76,ak,ak11525995,2015-03-10T19:29:21.521Z,"18km NE of Healy, Alaska",earthquake
2015-03-10T01:04:47.700Z,19.3253,-65.1212,49,3,Md,3,334.8,1.02318111,0.23,pr,pr15069000,2015-03-10T09:07:16.130Z,"110km N of Charlotte Amalie, U.S. Virgin Islands",earthquake
2015-03-10T01:04:27.610Z,37.5385,-115.3084,0,0.56,ml,5,137.81,0.243,0.2174,nn,nn00486447,2015-03-10T01:37:50.162Z,"23km NNW of Alamo, Nevada",earthquake
2015-03-10T01:03:18.000Z,63.9669,-148.7314,8.8,1.4,ml,,,,0.31,ak,ak11525989,2015-03-10T03:43:30.229Z,"16km NE of Healy, Alaska",earthquake
2015-03-10T01:01:54.000Z,63.3378,-144.7622,4.2,0.9,ml,,,,0.65,ak,ak11525990,2015-03-10T19:29:22.143Z,"63km SSE of Deltana, Alaska",earthquake
2015-03-10T00:59:15.030Z,38.8101654,-122.8130035,2.57,1.58,md,34,49,0.0127,0.03,nc,nc72408395,2015-03-10T01:00:54.160Z,"6km NW of The Geysers, California",earthquake
2015-03-10T00:52:49.000Z,64.8773,-147.7404,14.1,0.7,ml,,,,0.28,ak,ak11525985,2015-03-10T03:41:45.086Z,"3km NE of College, Alaska",earthquake
2015-03-10T00:48:27.190Z,38.8171654,-122.8098297,3.4,0.9,md,19,73,0.006223,0.03,nc,nc72408385,2015-03-10T00:50:46.040Z,"6km NW of The Geysers, California",earthquake
2015-03-10T00:46:22.420Z,38.8219986,-122.8093338,3.31,0.55,md,15,60,0.001509,0.02,nc,nc72408370,2015-03-10T00:48:41.580Z,"6km NW of The Geysers, California",earthquake
2015-03-10T00:46:09.000Z,60.1547,-151.4968,19.8,1.6,ml,,,,0.2,ak,ak11525983,2015-03-10T01:50:39.892Z,"26km SSW of Cohoe, Alaska",earthquake
2015-03-10T00:45:25.017Z,40.1814,-121.0468,7.53,1.26,ml,12,241.03,0.337,0.1452,nn,nn00486445,2015-03-10T01:33:51.672Z,"9km WNW of Greenville, California",earthquake
2015-03-10T00:44:53.200Z,38.8146667,-122.8101654,3.75,0.55,md,12,110,0.008716,0.02,nc,nc72408365,2015-03-10T00:48:06.540Z,"6km NW of The Geysers, California",earthquake
2015-03-10T00:44:12.870Z,38.8138351,-122.810997,3.45,0.81,md,16,72,0.009573,0.02,nc,nc72408360,2015-03-10T00:47:38.000Z,"6km NW of The Geysers, California",earthquake
2015-03-10T00:43:20.720Z,38.8095016,-122.7438354,1.22,0.37,md,8,109,0.02681,0.02,nc,nc72408350,2015-03-10T00:46:20.150Z,"2km SW of Cobb, California",earthquake
2015-03-10T00:40:53.250Z,38.8035011,-122.7689972,0.62,1.58,md,24,62,0.01335,0.04,nc,nc72408345,2015-03-10T01:44:05.974Z,"3km NNW of The Geysers, California",earthquake
2015-03-10T00:40:44.050Z,38.8105011,-122.7969971,3.83,1.76,md,29,39,0.002855,0.03,nc,nc72408340,2015-03-10T05:41:04.875Z,"5km NW of The Geysers, California",earthquake
2015-03-10T00:40:09.320Z,38.8161667,-122.81,3.9,3.43,mw,84,21,0.007218,0.05,nc,nc72408335,2015-03-10T18:38:33.405Z,"6km NW of The Geysers, California",earthquake
2015-03-10T00:33:25.000Z,64.8716,-147.723,14,1.6,ml,,,,0.62,ak,ak11525981,2015-03-10T01:50:39.245Z,"3km N of Fairbanks, Alaska",earthquake
2015-03-10T00:28:39.930Z,33.8675,-117.2258333,4.38,1.57,ml,9,86,0.1426,0.17,ci,ci37114927,2015-03-10T00:32:44.776Z,"4km SE of March Air Reserve Base, California",earthquake
2015-03-10T00:13:10.960Z,38.7589989,-122.7344971,2.2,1.19,md,12,130,0.01962,0.03,nc,nc72408315,2015-03-10T12:32:02.921Z,"2km SE of The Geysers, California",earthquake
2015-03-10T00:12:24.273Z,40.1315,-120.9944,7.7117,0.71,ml,4,301.17,0.276,0.0624,nn,nn00486527,2015-03-10T15:25:31.963Z,"3km WSW of Greenville, California",earthquake
2015-03-10T00:12:17.230Z,33.5995,-116.8176667,9.63,1,ml,40,43,0.03947,0.22,ci,ci37114919,2015-03-10T15:21:50.000Z,"14km WNW of Anza, California",earthquake
2015-03-10T00:01:29.400Z,36.6426659,-121.2596664,5.14,1.8,md,26,62,0.02616,0.03,nc,nc72408300,2015-03-10T12:07:03.863Z,"21km SSE of Ridgemark, California",earthquake
2015-03-10T00:01:07.490Z,36.7298317,-121.3744965,3.65,0.83,md,4,187,0.03246,0,nc,nc72408305,2015-03-10T00:02:41.110Z,"9km S of Ridgemark, California",earthquake
2015-03-09T23:59:19.130Z,36.9731667,-120.269,5.25,1.83,md,18,138,0.332,0.27,nc,nc72408310,2015-03-10T17:40:06.848Z,"13km SSW of Fairmead, California",earthquake
2015-03-09T23:55:07.723Z,41.9041,-119.6402,2.7316,1.59,ml,5,215.83,0.124,0.133,nn,nn00486450,2015-03-10T01:20:22.575Z,"66km ESE of Lakeview, Oregon",earthquake
2015-03-09T23:36:17.310Z,35.45,-118.3658333,8.19,1.21,ml,25,91,0.1646,0.32,ci,ci37114895,2015-03-10T15:21:55.850Z,"19km SE of Bodfish, California",earthquake
2015-03-09T23:33:13.800Z,37.6536667,-118.9355,4.05,0.61,md,19,81,0.01281,0.06,nc,nc72408285,2015-03-10T17:25:05.507Z,"3km E of Mammoth Lakes, California",earthquake
2015-03-09T23:22:33.710Z,37.6298333,-119.0385,4.83,0.35,md,9,68,0.00539,0.06,nc,nc72408275,2015-03-10T16:40:43.550Z,"6km WSW of Mammoth Lakes, California",earthquake
2015-03-09T23:21:02.120Z,37.6315,-119.0351667,4.23,0.35,md,9,78,0.002939,0.04,nc,nc72408280,2015-03-10T16:57:06.415Z,"5km WSW of Mammoth Lakes, California",earthquake
2015-03-09T23:16:01.000Z,64.9854,-147.4271,0,1.5,ml,,,,0.29,ak,ak11525979,2015-03-10T00:22:06.741Z,"21km NE of Fairbanks, Alaska",earthquake
2015-03-09T23:09:30.200Z,38.8381653,-122.8030014,2.63,0.19,md,10,120,0.009888,0.02,nc,nc72408265,2015-03-09T23:27:06.040Z,"7km WNW of Cobb, California",earthquake
2015-03-09T22:56:56.920Z,47.5665,-121.8253333,9,1.74,ml,17,79,0.07923,0.12,uw,uw60970412,2015-03-09T23:31:26.230Z,"4km N of Snoqualmie, Washington",earthquake
2015-03-09T22:52:52.230Z,36.8001671,-121.5121689,4.94,1.01,md,14,109,0.02011,0.08,nc,nc72408255,2015-03-09T22:54:31.100Z,"5km SSE of San Juan Bautista, California",earthquake
2015-03-09T22:51:40.570Z,33.4793333,-118.2113333,0.02,2.84,ml,54,99,0.187,0.32,ci,ci37114839,2015-03-10T20:10:50.668Z,"19km NE of Avalon, California",earthquake
2015-03-09T22:36:25.800Z,36.518,-121.1061667,10.4,2.09,md,75,49,0.0249,0.07,nc,nc72408240,2015-03-10T18:47:04.830Z,"22km ENE of Soledad, California",earthquake
2015-03-09T22:31:25.000Z,61.7422,-147.2481,22.8,2.2,ml,,,,0.86,ak,ak11525884,2015-03-10T00:22:02.645Z,"83km NW of Valdez, Alaska",earthquake
2015-03-09T22:28:21.380Z,35.5622,-97.2229,4.7,2.9,mb_lg,,59,0.054,0.49,us,us10001l46,2015-03-09T23:23:37.487Z,"5km E of Jones, Oklahoma",earthquake
2015-03-09T22:18:22.980Z,34.2233333,-117.4318333,14.59,1.28,ml,36,59,0.04811,0.25,ci,ci37114823,2015-03-10T15:22:01.770Z,"3km W of Devore, California",earthquake
2015-03-09T22:17:02.330Z,38.8224983,-122.8024979,3.32,0.3,md,8,114,0.005985,0.03,nc,nc72408225,2015-03-09T22:32:03.676Z,"6km W of Cobb, California",earthquake
2015-03-09T21:55:49.100Z,33.9368333,-116.0306667,3.58,0.92,ml,15,130,0.06909,0.26,ci,ci37114775,2015-03-10T15:21:26.098Z,"23km S of Twentynine Palms, California",earthquake
2015-03-09T21:48:03.000Z,61.2871,-146.7722,35.2,1.5,ml,,,,0.33,ak,ak11525880,2015-03-09T23:05:28.738Z,"28km NW of Valdez, Alaska",earthquake
2015-03-09T21:46:54.000Z,62.9358,-149.568,71,1.3,ml,,,,0.64,ak,ak11525878,2015-03-09T23:05:51.003Z,"59km SSW of Cantwell, Alaska",earthquake
2015-03-09T21:29:33.000Z,62.9185,-150.4378,45.5,1.1,ml,,,,0.47,ak,ak11525864,2015-03-09T23:05:30.444Z,"68km NNW of Talkeetna, Alaska",earthquake
2015-03-09T21:21:28.320Z,47.5435,-122.6805,20.17,0.47,md,5,317,0.07267,0.17,uw,uw60982001,2015-03-09T23:07:34.160Z,"1km SW of Navy Yard City, Washington",earthquake
2015-03-09T21:19:01.990Z,49.4361667,-120.5456667,0.01,2.18,md,7,227,0.6188,0.35,uw,uw60981996,2015-03-09T23:03:23.470Z,"3km SW of Princeton, Canada",explosion
2015-03-09T21:18:04.004Z,39.578,-119.2222,8.8471,0.82,ml,8,172.18,0.183,0.1374,nn,nn00486568,2015-03-10T20:17:23.422Z,"4km SE of Fernley, Nevada",earthquake
2015-03-09T21:11:42.500Z,36.6262,-97.6635,5.307,2.6,ml,,62,,0.43,us,us10001l3t,2015-03-10T05:14:14.050Z,"21km SSE of Medford, Oklahoma",earthquake
2015-03-09T21:09:26.590Z,38.2003326,-122.307663,8.27,1.4,md,7,199,0.04296,0.06,nc,nc72408200,2015-03-10T01:00:08.372Z,"4km NW of American Canyon, California",earthquake
2015-03-09T21:09:13.400Z,19.7539,-66.2928,128,3.4,Md,4,316.8,1.46515223,0.2,pr,pr15068002,2015-03-10T05:11:42.570Z,"142km N of Brenas, Puerto Rico",earthquake
2015-03-09T21:07:35.250Z,38.8328323,-122.8105011,2.44,0.43,md,11,93,0.009429,0.02,nc,nc72408195,2015-03-09T21:45:07.163Z,"7km W of Cobb, California",earthquake
2015-03-09T20:59:44.500Z,38.8193321,-122.8184967,2.99,0.18,md,7,129,0.00773,0.02,nc,nc72408185,2015-03-09T21:33:04.777Z,"7km NW of The Geysers, California",earthquake
2015-03-09T20:59:25.320Z,44.5888333,-123.4945,0.01,1.75,md,5,172,0.09346,0.27,uw,uw60981986,2015-03-09T23:01:13.030Z,"11km WNW of Philomath, Oregon",explosion
2015-03-09T20:46:31.520Z,34.2996667,-117.2835,46.22,1.85,ml,13,141,0.2343,0.36,ci,ci37114671,2015-03-09T20:50:42.392Z,"6km N of Crestline, California",earthquake
